City,Country,City ID,Latitude,Longitude,Temperature,Max Temp,Humidity,Wind,Clouds,Date
Puerto Ayora,EC,3652764,-0.74,-90.35,69.01,69.01,94,3.0,91,1602727975
Portland,AU,2152667,-38.33,141.6,58.23,58.23,91,8.88,100,1602727978
Aswān,EG,359792,24.09,32.91,79.79,79.79,27,5.35,0,1602727979
Tamworth,AU,2147497,-31.1,150.93,78.8,78.8,31,4.7,0,1602727821
Natal,BR,3394023,-5.79,-35.21,77.0,77.0,83,8.05,40,1602727864
Port Alfred,ZA,964432,-33.59,26.89,58.33,58.33,74,6.82,0,1602727983
Kodinsk,RU,1503037,58.69,99.18,39.78,39.78,88,12.59,100,1602727985
Nanortalik,GL,3421765,60.14,-45.24,37.22,37.22,83,0.4,26,1602727986
Touros,BR,3386213,-5.2,-35.46,77.0,77.0,83,8.05,40,1602727987
Thompson,CA,6165406,55.74,-97.86,28.4,28.4,86,19.46,90,1602727805
Busselton,AU,2075265,-33.65,115.33,61.18,64.0,49,6.89,5,1602727802
Klaksvík,FO,2618795,62.23,-6.59,44.6,44.6,75,5.61,100,1602727990
Albany,AU,2077963,-35.02,117.89,57.2,57.2,67,6.93,75,1602727991
Sungai Raya,ID,1625908,0.7,108.9,81.99,81.99,79,9.64,99,1602727992
Ancud,CL,3899695,-41.87,-73.82,45.68,46.99,81,2.24,42,1602727994
Bluff,NZ,2206939,-46.6,168.33,55.99,55.99,46,8.01,0,1602727995
Butaritari,KI,2110227,3.07,172.79,82.15,82.15,75,10.09,66,1602727996
Provideniya,RU,4031574,64.38,-173.3,39.2,39.2,93,11.18,90,1602727913
Kazachinskoye,RU,1504075,57.7,93.28,42.87,42.87,79,14.16,100,1602727998
Leningradskiy,RU,2123814,69.38,178.42,34.11,34.11,87,7.96,100,1602727999
Ha Tinh,VN,1581047,18.33,105.9,75.81,75.81,92,8.03,100,1602728000
Atasū,KZ,1526041,48.68,71.64,44.1,44.1,60,5.03,0,1602728001
Noumea,NC,2139521,-22.28,166.46,80.6,80.6,65,17.22,20,1602727898
Bundaberg,AU,2173323,-24.85,152.35,79.95,81.0,34,21.92,0,1602728004
Saskylakh,RU,2017155,71.92,114.08,19.53,19.53,96,18.03,100,1602728005
Jamestown,SH,3370903,-15.94,-5.72,60.39,60.39,85,13.44,100,1602728006
Talnakh,RU,1490256,69.49,88.4,23.0,23.0,92,20.13,75,1602728007
Beijing,CN,1816670,39.91,116.4,56.82,59.0,46,6.71,0,1602727763
Hermanus,ZA,3366880,-34.42,19.23,55.0,55.0,93,1.01,6,1602728009
Torbay,CA,6167817,47.67,-52.73,51.13,52.0,87,16.11,90,1602728010
Qaanaaq,GL,3831208,77.48,-69.36,32.36,32.36,85,8.48,13,1602728011
Fortuna,US,5563839,40.6,-124.16,59.68,61.0,87,9.17,1,1602728013
Kirakira,SB,2178753,-10.45,161.92,84.97,84.97,68,3.91,99,1602728014
Ribeira Grande,PT,3372707,38.52,-28.7,69.19,69.19,82,6.58,78,1602728015
New Norfolk,AU,2155415,-42.78,147.06,60.03,66.2,55,18.34,75,1602727862
Danané,CI,2290462,7.26,-8.15,68.95,68.95,98,0.25,91,1602728017
Lavrentiya,RU,4031637,65.58,-171.0,33.87,33.87,89,14.32,100,1602728018
Oxford,NZ,2185148,-43.3,172.18,47.98,50.0,43,5.82,90,1602728019
Faanui,PF,4034551,-16.48,-151.75,79.63,79.63,74,11.72,4,1602728020
Kapaa,US,5848280,22.08,-159.32,77.2,78.8,83,8.05,90,1602728021
Rajshahi,BD,1185128,24.37,88.6,83.52,83.52,73,5.53,36,1602728023
Pekan,MY,1734971,3.48,103.4,78.4,78.8,88,9.95,20,1602728024
Barrow,US,5880054,71.29,-156.79,26.6,26.6,68,10.29,75,1602728025
Nhulunbuy,AU,2064735,-12.23,136.77,86.0,86.0,62,12.75,75,1602728026
Vaini,TO,4032243,-21.2,-175.2,77.0,77.0,69,8.05,75,1602728027
Bambous Virieux,MU,1106677,-20.34,57.76,69.89,70.0,88,2.24,40,1602727905
Lompoc,US,5367788,34.64,-120.46,76.84,80.6,44,9.17,1,1602728029
Tilichiki,RU,2120591,60.47,166.1,41.76,41.76,98,15.59,100,1602728030
Rikitea,PF,4030556,-23.12,-134.97,73.94,73.94,81,17.81,100,1602728031
Ushuaia,AR,3833367,-54.8,-68.3,46.4,46.4,52,8.05,75,1602728033
Tadine,NC,2138285,-21.55,167.88,76.78,76.78,74,13.49,100,1602728036
Bethel,US,5282297,41.37,-73.41,49.95,52.0,93,4.7,1,1602728037
Burnie,AU,2173125,-41.07,145.92,55.45,55.99,92,11.01,100,1602728038
Kavaratti,IN,1267390,10.57,72.64,81.32,81.32,79,21.39,100,1602728039
Yerbogachën,RU,2012956,61.28,108.01,30.56,30.56,97,13.53,100,1602728040
Longyearbyen,SJ,2729907,78.22,15.64,28.4,28.4,79,2.24,75,1602728041
Khatanga,RU,2022572,71.97,102.5,15.46,15.46,97,9.93,99,1602728043
Punta Arenas,CL,3874787,-53.15,-70.92,48.09,48.2,57,14.99,75,1602728044
Manadhoo,MV,1337618,5.77,73.38,82.62,82.62,77,22.86,51,1602728045
Port Elizabeth,ZA,964420,-33.92,25.57,53.6,53.6,93,3.36,0,1602728046
Mahébourg,MU,934322,-20.41,57.7,69.8,69.8,88,2.24,40,1602728047
Tiksi,RU,2015306,71.69,128.87,13.59,13.59,95,3.96,2,1602728049
Vestmannaeyjar,IS,3412093,63.44,-20.27,47.97,47.97,81,30.78,92,1602728051
Key Largo,US,4160795,25.09,-80.45,79.97,82.0,91,14.41,0,1602728011
Paamiut,GL,3421193,61.99,-49.67,37.98,37.98,79,10.29,100,1602728053
Gejiu,CN,1810240,23.31,103.16,53.76,53.76,100,5.68,100,1602728054
Balakhta,RU,1510998,55.38,91.6,38.97,38.97,82,15.73,100,1602728056
Lüderitz,NA,3355672,-26.65,15.16,69.62,69.62,31,12.28,0,1602728057
Hobart,AU,2163355,-42.88,147.33,61.21,66.2,55,18.34,75,1602727892
Chyorny Yar,RU,568464,48.06,46.11,49.48,49.48,51,9.31,100,1602728059
Tasiilaq,GL,3424607,65.61,-37.64,35.6,35.6,91,4.5,94,1602728061
Souillac,MU,933995,-20.52,57.52,69.8,69.8,88,2.24,40,1602728062
Kushima,JP,1895695,31.46,131.23,69.53,71.6,56,14.99,20,1602727827
Flinders,AU,6255012,-34.58,150.86,75.63,79.0,61,5.99,0,1602728064
Luoyang,CN,1801792,34.68,112.45,57.0,57.0,1,3.76,100,1602728065
Shimoda,JP,1852357,34.67,138.95,61.12,64.4,93,19.46,75,1602728066
Tuktoyaktuk,CA,6170031,69.45,-133.04,24.8,24.8,68,16.11,75,1602728067
Fare,PF,4034496,-16.7,-151.02,80.01,80.01,77,10.69,0,1602728068
Skerries,IE,2961461,53.58,-6.11,50.67,52.0,87,4.7,75,1602728069
Lima,PE,3936456,-12.04,-77.03,61.79,62.6,77,10.29,77,1602727905
São Filipe,CV,3374210,14.9,-24.5,80.56,80.56,78,7.58,100,1602728072
Aksarka,RU,1512019,66.56,67.8,31.08,31.08,94,13.51,10,1602728074
Akureyri,IS,2633274,65.68,-18.09,35.6,35.6,64,8.05,0,1602728075
Carutapera,BR,3402648,-1.2,-46.02,77.76,77.76,83,7.49,0,1602728076
Saint-Philippe,RE,935215,-21.36,55.77,66.96,71.6,64,8.05,37,1602728077
Korla,CN,1529376,41.76,86.15,51.51,51.51,43,6.55,3,1602728078
Astoria,US,5711847,46.19,-123.83,56.75,57.2,67,5.82,1,1602728079
Pevek,RU,2122090,69.7,170.31,33.35,33.35,89,22.03,100,1602728080
Palmas de Monte Alto,BR,3455447,-14.27,-43.16,78.39,78.39,34,4.7,1,1602727867
Miguel Calmon,BR,3457202,-11.43,-40.59,69.46,69.46,72,4.76,0,1602727924
Palmer,US,4946620,42.16,-72.33,45.18,48.99,93,0.25,20,1602728084
Sandwick,GB,2638534,60.0,-1.25,46.4,46.4,81,9.17,100,1602728085
Port Keats,AU,2063039,-14.25,129.55,88.72,88.72,59,10.13,96,1602728086
Arraial do Cabo,BR,3471451,-22.97,-42.03,72.18,72.18,94,13.38,15,1602728088
Tchibanga,GA,2396253,-2.85,11.03,70.9,70.9,91,2.95,99,1602728089
Atuona,PF,4020109,-9.8,-139.03,77.92,77.92,74,20.15,2,1602728092
Aykhal,RU,2027296,66.0,111.5,21.2,21.2,92,8.95,90,1602728094
Bredasdorp,ZA,1015776,-34.53,20.04,50.0,50.0,93,3.36,20,1602728095
Baiyin,CN,1817240,36.56,104.21,44.17,55.0,60,6.71,32,1602728097
Katsuura,JP,2112309,35.13,140.3,62.4,63.0,93,14.99,75,1602728098
Batemans Bay,AU,2176639,-35.72,150.18,72.9,78.01,71,8.99,0,1602728048
Comodoro Rivadavia,AR,3860443,-45.87,-67.5,50.0,50.0,66,6.93,0,1602728101
Hilo,US,5855927,19.73,-155.09,77.99,84.2,62,12.75,75,1602728102
Alghero,IT,3183284,40.56,8.32,53.31,55.4,93,2.24,28,1602728103
Georgetown,SH,2411397,-7.93,-14.42,73.45,73.45,72,13.69,99,1602728104
Bilma,NE,2446796,18.69,12.92,85.87,85.87,14,9.64,44,1602728105
Onguday,RU,1496130,50.75,86.15,31.33,31.33,86,3.38,0,1602728106
El Tigre,VE,3641351,8.89,-64.25,77.67,77.67,77,5.61,60,1602728109
Victoria,SC,241131,-4.62,55.45,80.6,80.6,78,4.7,40,1602728110
Nanticoke,CA,6085886,42.8,-80.07,51.22,52.0,62,6.93,40,1602728111
Jalu,LY,86049,29.03,21.55,71.01,71.01,38,8.16,0,1602728112
Lázaro Cárdenas,MX,4026082,17.96,-102.2,80.55,80.55,83,7.72,47,1602728113
Constitucion,MX,4011743,23.99,-104.67,64.8,64.8,44,5.57,5,1602728115
Mahalapye,BW,933471,-23.1,26.81,63.81,63.81,67,13.49,0,1602728116
Mossamedes,AO,3347019,-15.2,12.15,64.15,64.15,85,2.93,2,1602728117
General Roca,AR,3855065,-39.03,-67.58,64.4,64.4,39,2.24,0,1602728118
The Valley,AI,3573374,18.22,-63.06,82.45,82.99,78,6.93,20,1602728119
Mosquera,CO,3674292,4.71,-74.23,53.6,53.6,87,2.24,75,1602727991
Tahoua,NE,2439376,14.89,5.27,85.93,85.93,37,5.21,36,1602728121
Queimadas,BR,3452085,-10.98,-39.63,71.11,71.11,80,11.95,0,1602728124
Saint Paul Harbor,US,5866583,57.79,-152.41,48.2,48.2,81,3.36,90,1602727867
Tulun,RU,2014927,54.56,100.58,35.73,35.73,81,7.7,4,1602728126
Fasa,IR,134721,28.94,53.65,46.4,46.4,17,4.7,0,1602728127
Haines Junction,CA,5969025,60.75,-137.51,33.44,33.44,84,2.06,84,1602728128
Rørvik,NO,3141310,64.86,11.24,49.86,49.86,85,13.53,100,1602728129
Nikolskoye,RU,546105,59.7,30.79,43.52,44.6,70,11.18,90,1602728131
Katobu,ID,1640972,-4.94,122.53,89.51,89.51,51,4.81,86,1602728132
Vilyuysk,RU,2013392,63.76,121.62,21.65,21.65,92,6.87,43,1602728135
Bījār,IR,140521,35.87,47.61,40.55,40.55,55,1.34,0,1602728136
Chui,UY,3443061,-33.7,-53.46,54.43,54.43,94,7.02,77,1602728137
Nago,JP,1856068,26.59,127.98,82.99,84.2,54,11.41,40,1602728139
Yellowknife,CA,6185377,62.46,-114.35,24.55,25.0,58,25.28,90,1602728140
Narasannapeta,IN,1261853,18.42,84.05,78.75,78.75,87,5.23,100,1602728141
Oodweyne,SO,53372,9.41,45.06,70.81,70.81,73,2.73,0,1602728143
Pendleton,US,5745380,45.67,-118.79,53.56,57.2,41,19.46,1,1602728144
Cape Town,ZA,3369157,-33.93,18.42,57.56,59.0,93,4.7,20,1602727849
Kindu,CD,212902,-2.95,25.95,70.23,70.23,96,2.35,97,1602728147
Praia,CV,3374333,14.92,-23.51,78.8,78.8,94,6.93,75,1602728148
Upernavik,GL,3418910,72.79,-56.15,31.93,31.93,92,3.62,56,1602728149
Cherskiy,RU,2126199,68.75,161.3,34.54,34.54,84,8.08,100,1602728151
Severo-Kuril'sk,RU,2121385,50.68,156.12,46.49,46.49,62,25.84,11,1602728152
Mar del Plata,AR,3430863,-38.0,-57.56,50.34,51.01,71,13.87,0,1602728153
Gouyave,GD,3580279,12.16,-61.73,80.6,80.6,83,3.36,20,1602728155
Suzun,RU,1490551,53.78,82.31,45.01,45.01,66,13.0,100,1602728157
Mao,TD,2428394,14.12,15.31,87.53,87.53,30,7.61,98,1602728158
Pokhara,NP,1282898,28.23,83.98,73.92,73.92,54,1.34,0,1602728061
Zolotkovo,RU,462203,55.53,41.11,50.02,50.02,83,4.5,100,1602728160
Saint George,BM,3573061,32.38,-64.68,76.41,78.01,88,3.36,40,1602728161
Taoudenni,ML,2450173,22.68,-3.98,90.93,90.93,18,6.38,0,1602728164
Mandalay,MM,1311874,21.97,96.08,80.6,80.6,78,4.7,20,1602728165
Tautira,PF,4033557,-17.73,-149.15,82.2,82.4,69,11.41,75,1602728166
Mahon,ES,2514301,39.89,4.27,50.0,50.0,87,8.05,37,1602728167
Vostok,RU,2013279,46.49,135.88,31.14,31.14,85,11.81,99,1602727998
Narsaq,GL,3421719,60.92,-46.05,33.8,33.8,86,1.12,25,1602728060
Wilmington,US,4499379,34.23,-77.94,64.58,68.0,87,4.5,1,1602728144
Lagoa,PT,3372964,39.05,-27.98,69.19,69.19,82,8.68,71,1602728171
Artyom,AZ,587207,40.47,50.33,48.2,48.2,100,5.91,20,1602728173
Yerofey Pavlovich,RU,2012938,53.97,121.97,30.61,30.61,82,5.21,29,1602728174
Merowe,SD,370481,18.48,31.82,80.47,80.47,15,12.68,0,1602728175
Vinderup,DK,2610196,56.48,8.79,45.23,46.0,70,9.17,79,1602728176
Amherst,CA,5884467,45.83,-64.2,51.33,52.0,93,5.01,49,1602727902
Hithadhoo,MV,1282256,-0.6,73.08,82.38,82.38,76,12.39,68,1602728178
Leeuwarden,NL,2751792,53.2,5.81,50.0,50.0,71,10.29,90,1602728179
Balclutha,NZ,2208248,-46.23,169.75,48.99,48.99,56,17.0,0,1602728180
Alofi,NU,4036284,-19.06,-169.92,77.0,77.0,65,16.11,75,1602728111
Danielskuil,ZA,1011918,-28.19,23.54,54.61,54.61,56,2.35,0,1602728184
Klooga,EE,591306,59.32,24.21,44.58,48.2,81,12.75,75,1602728185
Wenling,CN,1791464,28.37,121.36,73.0,73.0,67,14.03,100,1602728186
Husavik,IS,2629833,66.04,-17.34,35.6,35.6,68,8.05,0,1602728187
Belyy Yar,RU,1510377,53.6,91.39,41.0,41.0,70,15.66,100,1602728188
Richards Bay,ZA,962367,-28.78,32.04,62.73,62.73,76,10.27,0,1602728190
Cidreira,BR,3466165,-30.18,-50.21,59.95,59.95,86,4.16,99,1602728150
Te Anau,NZ,2181625,-45.42,167.72,52.47,52.47,46,1.45,0,1602728192
Bonavista,CA,5905393,48.65,-53.11,52.0,52.0,86,8.01,7,1602728195
Hede,CN,1808744,33.77,120.25,64.63,64.63,63,9.73,100,1602728196
Adrar,DZ,2508807,25.75,-1.0,84.31,84.31,17,8.37,8,1602728197
Kununurra,AU,2068110,-15.77,128.73,95.0,95.0,32,4.7,8,1602728198
San José,GT,3590069,16.98,-89.9,73.62,73.62,94,3.56,100,1602728200
Meulaboh,ID,1214488,4.14,96.13,83.07,83.07,65,2.8,100,1602728201
Castro,CL,3896218,-42.47,-73.77,44.82,45.0,81,2.24,57,1602728203
Itaguaçu,BR,3460901,-19.8,-40.86,74.95,74.95,83,2.8,100,1602728204
Eyl,SO,60019,7.98,49.82,80.29,80.29,74,15.21,98,1602728205
Port Hardy,CA,6111862,50.7,-127.42,48.2,48.2,100,2.24,75,1602728207
Shelburne,CA,6145890,44.08,-80.2,50.34,51.01,61,9.17,1,1602728208
Berlevåg,NO,780687,70.86,29.09,40.96,40.96,80,23.67,98,1602728210
Lipari,IT,2524379,38.47,14.95,69.33,70.0,50,3.0,89,1602728211
Sungai Penuh,ID,1625929,-2.08,101.38,74.98,74.98,66,2.21,100,1602728212
Sarab,IR,126972,38.61,44.99,44.6,44.6,75,2.24,39,1602728213
Kieta,PG,2094027,-6.22,155.63,83.57,83.57,71,3.24,69,1602728214
Anadyr,RU,2127202,64.75,177.48,35.26,35.6,79,8.95,95,1602728215
Havre-St-Pierre,CA,5972291,50.23,-63.6,44.6,44.6,100,2.24,90,1602728216
Kaya,BF,2359608,13.09,-1.08,82.24,82.24,53,7.94,0,1602728218
Tevriz,RU,1489661,57.51,72.4,48.38,48.38,84,9.62,100,1602728220
Naze,JP,1855540,28.37,129.48,81.52,82.4,61,6.93,20,1602728221
Hasaki,JP,2112802,35.73,140.83,61.56,62.6,93,17.22,75,1602727958
Bac Lieu,VN,1591474,9.29,105.72,77.61,77.61,88,13.65,100,1602728225
Sørland,NO,3137469,67.67,12.69,44.91,44.91,75,8.66,100,1602728226
Lorengau,PG,2092164,-2.02,147.27,85.84,85.84,66,5.08,93,1602728227
Bengkulu,ID,1649150,-3.8,102.27,82.72,82.72,71,2.26,100,1602728229
Mapimí,MX,3996647,25.82,-103.85,86.0,86.0,23,2.17,5,1602728230
Hamilton,BM,3573197,32.29,-64.78,76.6,78.01,88,3.36,40,1602727995
Avarua,CK,4035715,-21.21,-159.78,75.2,75.2,47,9.17,42,1602727979
Tiarei,PF,4033356,-17.53,-149.33,82.2,82.4,69,11.41,75,1602728233
Tuatapere,NZ,2180815,-46.13,167.68,57.0,57.0,45,5.99,0,1602728234
Saldanha,ZA,3361934,-33.01,17.94,57.2,57.2,87,11.41,0,1602728235
Mīrābād,AF,1133310,30.44,61.84,52.21,52.21,42,10.22,0,1602728236
Baghmara,IN,1274553,23.8,86.21,81.34,81.34,75,3.29,0,1602728238
Lebu,CL,3883457,-37.62,-73.65,50.58,50.58,83,15.57,0,1602728240
Penzance,GB,2640377,50.12,-5.54,48.6,48.99,87,13.87,27,1602728241
Sayyan,YE,70979,15.17,44.32,51.06,51.06,41,2.15,0,1602728242
Aklavik,CA,5882953,68.22,-135.01,21.2,21.2,62,2.24,75,1602728243
Muros,ES,3115824,42.78,-9.06,47.1,48.0,93,1.01,5,1602728244
Broken Hill,AU,2173911,-31.95,141.43,84.2,84.2,18,18.34,64,1602728248
Komsomol'skiy,RU,545728,43.98,46.7,60.04,60.04,88,11.18,94,1602728249
Ostrovnoy,RU,556268,68.05,39.51,33.22,33.22,94,7.4,95,1602728250
Buchanan,LR,2278158,5.88,-10.05,76.96,76.96,87,4.68,32,1602728251
Byron Bay,AU,2172880,-28.65,153.62,75.85,78.01,60,9.17,40,1602728221
Clyde River,CA,5924351,70.47,-68.59,24.8,24.8,100,8.05,90,1602728255
Nome,US,5870133,64.5,-165.41,31.69,32.0,87,9.17,40,1602728256
Beaverlodge,CA,5896969,55.22,-119.44,35.6,35.6,93,10.29,75,1602728257
Antofagasta,CL,3899539,-23.65,-70.4,59.0,59.0,77,10.29,90,1602728258
Puerto Colombia,CO,3671497,10.99,-74.95,78.8,78.8,94,2.24,20,1602728259
Bandarbeyla,SO,64814,9.49,50.81,78.48,78.48,84,14.45,19,1602728260
Iqaluit,CA,5983720,63.75,-68.51,33.4,33.8,100,16.11,90,1602728262
Ingham,AU,2162737,-18.65,146.17,78.98,78.98,57,10.54,38,1602728263
Gondanglegi,ID,1640660,-7.75,112.01,88.63,88.63,54,14.56,90,1602728265
Carnarvon,AU,2074865,-24.87,113.63,69.8,69.8,64,21.92,90,1602728266
Tigzirt,DZ,2476660,36.89,4.12,64.0,64.0,61,6.13,0,1602728267
East London,ZA,1006984,-33.02,27.91,58.82,58.82,68,7.38,0,1602728068
Rawson,AR,3839307,-43.3,-65.1,54.25,54.25,41,24.45,95,1602728269
Coquimbo,CL,3893629,-29.95,-71.34,53.6,53.6,87,4.7,4,1602728270
Campbell River,CA,5914132,50.02,-125.24,48.69,50.0,93,2.24,40,1602728078
Trang,TH,1150006,7.5,99.5,78.8,78.8,94,2.24,40,1602728273
Kavieng,PG,2094342,-2.57,150.8,84.49,84.49,67,3.33,45,1602728274
Lusambo,CD,210379,-4.97,23.45,69.49,69.49,92,1.39,56,1602728275
Labuhan,ID,8079926,-6.88,112.21,88.07,88.07,54,4.85,100,1602728128
Shagonar,RU,1492499,51.53,92.8,39.69,39.69,69,2.33,54,1602728277
Tabou,CI,2281120,4.42,-7.35,76.75,76.75,90,7.09,70,1602728123
Sayhāt,SA,102318,26.49,50.04,71.6,71.6,83,3.36,0,1602728279
San Cristobal,EC,3651949,-0.9,-89.62,69.21,69.21,87,10.29,99,1602728280
Opuwo,NA,3354077,-18.06,13.84,65.17,65.17,42,2.66,1,1602728281
Northam,AU,2064550,-31.67,116.67,64.62,64.99,59,9.17,75,1602728283
Tete,MZ,1026014,-16.16,33.59,73.2,73.4,64,11.41,9,1602728284
Bay Roberts,CA,5895424,47.6,-53.26,52.93,55.0,40,14.5,56,1602728109
Antalaha,MG,1071296,-14.9,50.28,70.54,70.54,82,4.54,34,1602728286
Yulara,AU,6355222,-25.24,130.99,89.6,89.6,10,12.75,0,1602728287
Grindavik,IS,3416888,63.84,-22.43,46.4,46.4,93,27.51,75,1602728288
Ouadda,CF,236901,8.08,22.4,69.48,69.48,86,2.15,100,1602728289
Usevya,TZ,149132,-7.1,31.23,75.92,75.92,52,10.11,20,1602728290
Aksarayskiy,RU,583683,46.79,48.01,48.2,48.2,76,8.95,100,1602728291
Bukama,CD,217834,-9.2,25.85,71.51,71.51,86,3.06,0,1602728294
Luanda,AO,2240449,-8.84,13.23,75.2,75.2,78,4.7,40,1602727997
Urucará,BR,3385670,-2.54,-57.76,79.54,79.54,67,3.4,5,1602728298
Taksimo,RU,2015701,56.34,114.88,29.37,29.37,81,3.87,95,1602728299
Saint-Prosper,CA,6137631,46.21,-70.48,44.02,46.0,90,4.79,0,1602728301
Pangnirtung,CA,6096551,66.15,-65.71,32.43,32.43,84,8.77,100,1602728302
Rocha,UY,3440777,-34.48,-54.33,51.44,51.44,90,2.68,0,1602728304
Sechura,PE,3691954,-5.56,-80.82,66.27,66.27,77,11.72,0,1602728305
Port Lincoln,AU,2063036,-34.73,135.87,73.33,73.33,46,16.69,100,1602728307
Marystown,CA,6067472,47.17,-55.15,55.99,55.99,100,3.0,100,1602728308
Namatanai,PG,2090021,-3.67,152.43,84.07,84.07,71,2.35,52,1602728309
Ponta do Sol,PT,2264557,32.67,-17.1,66.74,69.8,73,12.75,75,1602728301
Qasigiannguit,GL,3420768,68.82,-51.19,35.6,35.6,47,17.22,10,1602728312
Usinsk,RU,863061,65.99,57.53,30.25,30.25,97,12.1,28,1602728314
Henties Bay,NA,3356832,-22.12,14.28,59.0,59.0,92,1.99,0,1602728315
Thurso,GB,2635881,58.59,-3.53,46.4,46.4,75,8.05,97,1602728316
Deputatsky,RU,2028164,69.3,139.9,15.73,15.73,97,1.12,100,1602728317
Zhuhai,CN,1790437,22.28,113.57,80.6,80.6,69,19.46,20,1602728318
Rasskazovo,RU,502793,52.67,41.9,50.13,50.13,77,7.58,37,1602728319
Mogadishu,SO,53654,2.04,45.34,78.91,78.91,82,11.07,82,1602728038
Calama,CL,3897347,-22.47,-68.93,57.2,57.2,17,11.41,0,1602728321
Guerrero Negro,MX,4021858,27.98,-114.06,79.09,79.09,44,4.83,100,1602728323
Ozernovskiy,RU,2122293,51.5,156.52,45.27,45.27,70,27.34,43,1602728324
Neepawa,CA,6086673,50.23,-99.47,28.4,28.4,63,11.41,20,1602728325
Surgut,RU,1490624,61.25,73.42,30.2,30.2,100,6.71,0,1602728326
Geraldton,AU,2070998,-28.77,114.6,68.0,68.0,60,13.87,7,1602728327
Chicama,PE,3698359,-7.84,-79.15,64.31,64.31,80,5.66,6,1602728328
Ambon City,ID,1651531,-3.7,128.18,77.0,77.0,94,4.7,75,1602728330
Hokitika,NZ,2206894,-42.72,170.97,54.27,54.27,44,8.21,0,1602728331
Manokwari,ID,1636308,-0.87,134.08,82.38,82.38,78,3.78,100,1602728333
Mwinilunga,ZM,902620,-11.74,24.43,63.12,63.12,90,5.03,17,1602728334
Ballina,AU,2177069,-28.87,153.57,74.8,78.01,60,9.17,40,1602728335
Zhengjiatun,CN,2033135,43.51,123.51,48.34,48.34,48,6.38,0,1602728336
Puerto Nariño,CO,3671387,-3.77,-70.38,73.15,73.15,97,5.91,100,1602728337
Rio Claro,TT,3573840,10.3,-61.18,79.11,80.6,83,3.71,20,1602728338
Esperance,AU,2071860,-33.87,121.9,59.0,59.0,100,12.75,90,1602728222
San-Pédro,CI,2282006,4.75,-6.64,76.06,76.06,92,6.64,100,1602728340
Cabo San Lucas,MX,3985710,22.89,-109.91,81.86,82.4,78,3.36,5,1602728082
Georgiyevka,KZ,1524243,43.04,74.71,33.8,33.8,52,4.47,0,1602728343
Boa Vista,BR,3664980,2.82,-60.67,84.2,84.2,66,4.7,20,1602728344
Vardø,NO,777019,70.37,31.11,41.65,41.65,77,21.23,73,1602728345
Yuancheng,CN,1786110,36.65,107.79,50.5,50.5,48,5.14,6,1602728346
Atar,MR,2381334,20.52,-13.05,87.19,87.19,36,5.93,84,1602728347
Birao,CF,240210,10.28,22.79,72.61,72.61,85,1.32,86,1602728348
Nouadhibou,MR,2377457,20.93,-17.03,82.4,82.4,54,12.75,66,1602728349
Roswell,US,4219934,34.02,-84.36,64.4,66.2,77,7.18,20,1602728350
Baghdad,IQ,98182,33.34,44.4,69.8,69.8,32,8.05,68,1602728352
Hulan Ergi,CN,2036670,47.2,123.63,43.57,43.57,52,10.89,0,1602728353
Takoradze,GH,2294915,4.88,-1.76,76.53,76.53,90,8.3,82,1602728354
Srandakan,ID,1626493,-7.94,110.25,86.0,86.0,63,9.08,100,1602728355
Halifax,CA,6324729,44.65,-63.57,53.96,55.0,91,7.05,87,1602728100
Parrita,CR,3622537,9.52,-84.32,67.23,69.8,88,8.05,97,1602728357
Novo Aripuanã,BR,3663142,-5.12,-60.38,74.1,74.1,93,0.51,54,1602728358
Burevestnik,RU,570827,56.14,43.79,46.2,46.4,100,2.24,100,1602728359
Kalmunai,LK,1242110,7.42,81.82,81.73,81.73,66,3.85,99,1602728360
Whitianga,NZ,2179103,-36.83,175.7,55.0,55.0,89,5.01,99,1602728180
Marshall,US,4074736,34.38,-86.33,63.61,66.99,82,4.7,1,1602728363
Tucumã,BR,3385980,-0.18,-50.05,79.36,79.36,76,8.84,2,1602728364
Merrill,US,5262680,45.18,-89.68,49.1,55.4,87,6.93,90,1602728173
Beloha,MG,1067565,-25.17,45.05,64.51,64.51,85,9.84,69,1602728366
Jiaozhou,CN,1806096,36.28,120.0,65.43,68.0,67,3.74,100,1602728367
Mayumba,GA,2399001,-3.43,10.66,75.34,75.34,81,6.87,99,1602728368
Micheweni,TZ,153955,-4.97,39.83,78.19,78.19,80,9.51,1,1602728369
Pacific Grove,US,5380437,36.62,-121.92,67.68,73.0,53,3.36,1,1602728300
Honningsvåg,NO,779554,70.98,25.97,42.42,42.42,77,25.39,96,1602728371
Kyzyl-Suu,KG,1527497,42.34,78.01,43.14,43.14,55,5.68,0,1602728373
Poum,NC,2138555,-20.23,164.02,75.69,75.69,81,6.96,100,1602728374
Paita,PE,3694112,-5.09,-81.11,63.36,63.36,87,7.34,0,1602728375
Grand Gaube,MU,934479,-20.01,57.66,70.0,70.0,83,3.0,29,1602728376
Saint-François,GP,3578441,16.25,-61.27,77.0,77.0,94,1.12,20,1602728377
São João da Barra,BR,3448903,-21.64,-41.05,73.36,73.36,95,7.85,55,1602728117
Samarai,PG,2132606,-10.62,150.67,78.76,78.76,85,16.87,70,1602728379
Médéa,DZ,2488835,36.26,2.75,60.8,60.8,93,2.24,40,1602728380
Ixtapa,MX,4004293,20.7,-105.2,85.48,86.0,79,5.82,75,1602728326
Hambantota,LK,1244926,6.12,81.12,78.8,78.8,100,5.82,75,1602728383
Gwanda,ZW,890516,-20.93,29.0,63.46,63.46,78,11.9,60,1602728384
Poya,NC,2138522,-21.35,165.15,77.79,77.79,72,10.85,100,1602728175
Pathein,MM,1328421,16.78,94.73,81.3,81.3,85,4.07,83,1602728315
Okha,RU,2122614,53.57,142.95,36.46,36.46,73,16.53,25,1602728387
Sitka,US,5557293,57.05,-135.33,46.4,46.4,75,12.75,75,1602728388
Brotas,BR,3468899,-22.28,-48.13,77.09,77.09,58,5.84,82,1602728389
Maniitsoq,GL,3421982,65.42,-52.9,36.43,36.43,79,15.99,100,1602728390
Rivera,UY,3440781,-30.91,-55.55,60.19,60.19,88,5.39,100,1602728392
Oriximiná,BR,3393471,-1.77,-55.87,79.54,79.54,73,3.53,17,1602728393
Ca Mau,VN,1586443,9.18,105.15,77.68,77.68,92,9.31,100,1602728394
Sioux Lookout,CA,6148373,50.1,-91.92,37.4,37.4,80,13.87,90,1602728395
Arman',RU,2127060,59.7,150.17,38.91,38.91,71,8.48,100,1602728396
Walvis Bay,NA,3359638,-22.96,14.51,58.03,59.0,87,4.7,0,1602728397
Ushtobe,KZ,1517637,45.25,77.98,45.72,45.72,56,7.45,0,1602728187
Araripe,BR,3407248,-7.21,-40.05,78.1,78.1,37,10.13,93,1602728400
Arrondissement de Niort,FR,2990354,46.33,-0.33,45.0,45.0,87,3.0,0,1602728402
Oskemen,KZ,1520316,49.96,82.61,37.4,37.4,86,4.47,0,1602728335
Ilulissat,GL,3423146,69.22,-51.1,35.6,35.6,47,17.22,43,1602728405
Galeana,MX,4006081,24.83,-100.07,64.99,64.99,46,1.99,9,1602728406
Shingū,JP,1847947,33.73,135.98,71.6,71.6,56,10.29,20,1602728407
Igarka,RU,1505991,67.47,86.58,20.7,20.7,97,13.53,59,1602728408
Tura,RU,2014833,64.28,100.25,34.0,34.0,96,11.01,100,1602728410
Beja,PT,2270985,38.02,-7.86,48.2,48.2,81,9.17,0,1602728411
Punta Umbría,ES,2565056,37.18,-6.97,55.99,55.99,53,4.0,0,1602728412
Malindi,KE,187968,-3.22,40.12,76.89,76.89,83,7.31,15,1602728413
Chapais,CA,5919850,49.78,-74.85,33.8,33.8,100,4.7,1,1602728414
San Patricio,MX,3985168,19.22,-104.7,80.94,80.94,85,5.3,3,1602728415
Atikokan,CA,5888001,48.76,-91.62,37.02,37.02,95,11.41,100,1602728416
Vila Franca do Campo,PT,3372472,37.72,-25.43,68.0,68.0,88,9.17,75,1602728417
Isangel,VU,2136825,-19.55,169.27,80.6,80.6,88,5.82,90,1602728418
Dikson,RU,1507390,73.51,80.55,29.52,29.52,91,20.36,97,1602728421
Santiago de Cuba,CU,3536729,20.02,-75.82,78.8,78.8,83,8.05,20,1602728422
Akdepe,TM,601551,42.06,59.38,41.9,44.6,56,6.93,0,1602728423
Port Augusta,AU,2063056,-32.5,137.77,85.12,86.0,28,9.17,84,1602728424
Sosnovo-Ozerskoye,RU,2016216,52.52,111.54,29.26,29.26,91,12.55,62,1602728425
Lincoln,AR,3846864,-34.87,-61.53,60.17,60.17,58,13.82,69,1602728426
Mörön,MN,2029947,47.38,110.32,35.46,35.46,71,7.52,0,1602728427
Dragalina,RO,679011,44.43,27.32,55.6,55.6,82,4.76,38,1602728428
Puerto Padre,CU,3543299,21.2,-76.6,77.0,77.0,78,4.7,75,1602728430
Turukhansk,RU,1488903,65.82,87.98,24.28,24.28,98,9.57,74,1602728431
Shiyan,CN,1794903,32.65,110.78,54.5,54.5,86,2.28,100,1602728432
Nelson Bay,AU,2155562,-32.72,152.15,77.76,80.6,34,11.41,61,1602728433
Hay River,CA,5972762,60.82,-115.8,24.8,24.8,53,26.4,75,1602728434
Navrongo,GH,2297505,10.9,-1.09,78.04,78.04,83,5.19,74,1602728169
Bathsheba,BB,3374083,13.22,-59.52,75.2,75.2,94,4.7,40,1602728438
Jackson,US,5733351,42.42,-122.83,61.61,64.4,45,4.7,1,1602728286
Tezu,IN,1254709,27.92,96.17,82.62,82.62,50,1.39,51,1602728440
Chernyshevskiy,RU,2025456,63.01,112.47,27.75,27.75,96,11.97,99,1602728441
Norman Wells,CA,6089245,65.28,-126.83,19.4,19.4,73,9.17,75,1602728442
Mount Isa,AU,2065594,-20.73,139.5,89.6,89.6,29,11.41,0,1602728443
Ouallam,NE,2440371,14.32,2.09,87.64,87.64,35,9.69,0,1602728445
Qaqortoq,GL,3420846,60.72,-46.03,33.8,33.8,86,1.12,26,1602728446
Bindura,ZW,895061,-17.3,31.33,64.0,64.0,77,6.31,60,1602728447
Cayenne,GF,3382160,4.93,-52.33,78.8,78.8,94,2.24,20,1602728448
Sulat,PH,1685418,11.81,125.45,83.23,83.23,76,2.01,100,1602728449
Mayo,CA,6068416,63.59,-135.9,26.6,26.6,79,2.24,75,1602728450
Fort Nelson,CA,5955902,58.81,-122.7,28.4,28.4,74,2.24,90,1602728451
Dinājpur,BD,1203891,25.63,88.64,80.85,80.85,78,4.81,26,1602728453
Sola,VU,2134814,-13.88,167.55,81.23,81.23,75,4.74,6,1602728454
Nizwá,OM,286987,22.93,57.53,66.38,66.38,26,2.06,0,1602728455
Port Blair,IN,1259385,11.67,92.75,80.44,80.44,82,13.82,100,1602728456
Kilindoni,TZ,157429,-7.91,39.67,79.14,79.14,81,13.87,11,1602728457
Dawson Creek,CA,5935804,55.77,-120.24,33.8,33.8,97,2.24,75,1602728458
Pimentel,PE,3693584,-6.84,-79.93,62.51,62.51,87,11.3,5,1602728459
Synya,RU,485215,65.37,58.04,29.84,29.84,97,5.26,57,1602728460
Sisimiut,GL,3419842,66.94,-53.67,33.26,33.26,91,10.36,70,1602728462
Lundazi,ZM,909299,-12.29,33.18,67.12,67.12,74,10.78,5,1602728463
Ishigaki,JP,1861416,24.34,124.16,82.4,82.4,78,20.8,20,1602728464
Pandan,PH,1695546,14.05,124.17,82.6,82.6,81,4.72,100,1602728465
Uyuni,BO,3901903,-20.46,-66.83,53.26,53.26,43,11.86,1,1602728466
Pochutla,MX,3517970,15.74,-96.47,76.14,76.14,89,3.36,45,1602728467
Yeppoon,AU,2142316,-23.13,150.73,80.6,80.6,39,14.99,40,1602728384
Saint-Georges,GF,3380402,3.9,-51.8,74.1,74.1,91,2.51,1,1602728469
Longkou,CN,1802550,37.65,120.33,60.42,60.42,57,9.78,10,1602728472
Mantua,CU,3547930,22.29,-84.28,76.64,76.64,89,6.35,1,1602728473
Zatoka,UA,687557,46.07,30.47,51.8,51.8,87,6.71,0,1602728474
Zliten,LY,2208485,32.47,14.57,71.6,71.6,71,15.21,62,1602728475
Magnolia,US,4120323,33.27,-93.24,64.27,66.99,87,3.0,0,1602728347
Waddān,LY,2209055,29.16,16.14,72.28,72.28,44,13.53,0,1602728477
West Bay,KY,3580477,19.37,-81.42,81.77,82.99,83,3.36,17,1602728478
Mana,GF,3381041,5.66,-53.78,80.1,80.1,82,10.56,0,1602728480
Sebezh,RU,498001,56.3,28.47,48.56,48.56,94,6.62,100,1602728407
Snyder,US,5530921,32.72,-100.92,78.8,78.8,16,8.05,1,1602728482
Nueve de Julio,AR,3842881,-35.44,-60.88,59.0,59.0,49,4.0,100,1602728483
Trairi,BR,3386177,-3.28,-39.27,78.8,78.8,80,10.71,0,1602728441
Puquio,PE,3931223,-14.7,-74.13,53.94,53.94,54,1.66,65,1602728485
Xining,CN,1788852,36.62,101.77,40.21,40.21,67,1.32,11,1602728486
Rafsanjān,IR,118994,30.41,55.99,42.87,42.87,54,2.44,0,1602728487
Sapulpa,US,4550881,36.0,-96.11,76.12,78.8,57,4.7,1,1602728193
Kichera,RU,2022129,55.94,110.1,31.82,31.82,93,5.06,100,1602728490
Orzu,TJ,1220853,37.56,68.82,46.4,46.4,93,4.47,0,1602728491
Boguchany,RU,1509844,58.38,97.45,40.8,40.8,81,14.2,100,1602728492
Keuruu,FI,652977,62.27,24.7,30.33,32.0,100,3.36,90,1602728494
Kupang,ID,2057087,-10.17,123.58,89.6,89.6,55,5.82,20,1602728495
Ahipara,NZ,2194098,-35.17,173.17,61.02,61.02,58,11.83,0,1602728496
Kemang,ID,1631393,-3.35,104.34,82.4,82.4,78,3.91,20,1602728497
Innisfail,AU,2162683,-17.53,146.03,78.87,78.87,63,12.84,24,1602728499
Korāput,IN,1266128,18.82,82.72,71.13,71.13,87,2.06,96,1602728500
Curuçá,BR,3401188,-0.73,-47.85,77.36,77.36,81,6.2,2,1602728437
Tocopilla,CL,3869716,-22.09,-70.2,61.0,61.0,60,2.51,13,1602728502
Igrim,RU,1505965,63.19,64.42,31.41,31.41,92,5.57,0,1602728503
Sawtell,AU,2150163,-30.38,153.1,74.95,79.0,60,11.41,0,1602728504
Øksfjord,NO,778362,70.24,22.35,37.71,39.2,80,19.46,100,1602728378
Umeå,SE,602150,63.83,20.26,36.64,37.99,81,6.93,0,1602728506
Chokurdakh,RU,2126123,70.63,147.92,20.68,20.68,98,2.06,100,1602728508
Scarborough,TT,3573703,11.18,-60.73,80.6,80.6,69,6.93,40,1602728509
Gamba,GA,2400547,-2.65,10.0,74.62,74.62,81,6.85,96,1602728510
Imeni Poliny Osipenko,RU,2023584,52.42,136.49,35.47,35.47,64,10.29,99,1602728511
Eureka,US,5563397,40.8,-124.16,60.98,64.0,85,1.01,0,1602728463
Tabuk,SA,101628,28.38,36.58,71.6,71.6,46,6.93,20,1602728513
Östersund,SE,2685750,63.18,14.64,42.8,42.8,87,19.46,0,1602728514
Auki,SB,2109701,-8.77,160.7,86.58,86.58,63,4.72,27,1602728515
Srednekolymsk,RU,2121025,67.45,153.68,36.18,36.18,76,0.13,100,1602728324
Maner,IN,1263807,25.65,84.88,80.6,80.6,78,2.24,0,1602728518
Barra do Garças,BR,3470709,-15.89,-52.26,81.55,81.55,45,2.64,28,1602728519
Novopskov,UA,699311,49.55,39.09,57.85,57.85,89,4.03,23,1602728520
Bubaque,GW,2374583,11.28,-15.83,82.2,82.2,76,7.14,100,1602728522
College,US,5859699,64.86,-147.8,22.69,24.8,73,4.7,90,1602728328
Mergen,CN,2035601,49.18,125.22,39.24,39.24,60,10.13,0,1602728524
Agüimes,ES,2522325,27.91,-15.45,69.46,69.8,83,13.87,20,1602728525
Hanzhong,CN,1808857,33.07,107.03,51.39,51.39,88,0.96,100,1602728526
Maceió,BR,3395981,-9.67,-35.74,71.6,71.6,94,4.7,3,1602728405
Bilibino,RU,2126682,68.05,166.44,26.1,26.1,93,3.38,92,1602728529
Kogon,UZ,1217180,39.72,64.55,46.4,46.4,43,4.7,0,1602728530
Kumul,CN,1529484,42.8,93.45,49.42,49.42,46,13.67,0,1602728531
Bakchar,RU,1511057,57.02,82.07,47.93,47.93,86,14.94,100,1602728532
Nuuk,GL,3421319,64.18,-51.72,35.29,35.6,93,1.12,90,1602728533
Semey,KZ,1519422,50.41,80.23,32.0,32.0,65,6.71,0,1602728534
Petropavlovsk-Kamchatskiy,RU,2122104,53.05,158.65,50.0,50.0,58,11.18,40,1602728535
Olavarría,AR,3842670,-36.89,-60.32,44.74,44.74,59,9.98,0,1602728537
Guapí,CO,3681505,2.57,-77.89,75.0,75.0,91,2.55,97,1602728539
Acapulco de Juárez,MX,3533462,16.86,-99.89,84.2,84.2,79,11.41,40,1602728540
Colesberg,ZA,1013076,-30.72,25.1,57.49,57.49,33,3.47,0,1602728541
Vera Cruz,BR,3445307,-12.63,-41.03,70.43,70.43,71,6.26,0,1602728542
Salalah,OM,286621,17.02,54.09,75.2,75.2,78,3.36,40,1602728543
Tessalit,ML,2449893,20.2,1.01,83.98,83.98,13,11.18,0,1602728544
Sorong,ID,1626542,-0.88,131.25,82.51,82.51,75,3.8,100,1602728545
Sakakah,SA,102527,29.97,40.21,71.6,71.6,30,4.7,0,1602728470
Anna,RU,581671,51.48,40.43,52.61,52.61,89,5.82,35,1602728548
Vila Velha,BR,3445026,-20.33,-40.29,78.51,80.01,83,11.41,100,1602728550
Oyama,JP,1853483,36.3,139.8,67.05,69.01,72,10.29,75,1602728551
Inuvik,CA,5983607,68.35,-133.72,21.2,21.2,62,2.24,75,1602728552
Pudozh,RU,504269,61.81,36.53,35.13,35.13,95,3.06,49,1602728553
Zhigansk,RU,2012530,66.77,123.37,13.98,13.98,92,1.19,23,1602728554
Huarmey,PE,3939168,-10.07,-78.15,63.45,63.45,82,8.5,74,1602728555
Cestas,FR,3027763,44.74,-0.68,44.44,46.4,93,3.36,89,1602728556
Smolenskoye,RU,1491633,52.3,85.08,39.78,39.78,71,5.68,100,1602728558
Batagay-Alyta,RU,2027042,67.8,130.41,17.02,17.02,93,3.04,100,1602728559
Klyuchi,RU,1503153,52.27,79.17,45.27,45.27,58,13.33,100,1602728560
Nabire,ID,1634614,-3.37,135.48,75.79,75.79,94,3.49,100,1602728561
Tupik,RU,2014836,54.43,119.93,30.56,30.56,82,8.68,14,1602728562
Asheboro,US,4453035,35.71,-79.81,56.16,57.2,93,3.94,1,1602728563
Vrede,ZA,942701,-27.43,29.17,51.46,51.46,89,3.15,0,1602728564
Obo,CF,236950,5.4,26.49,67.19,67.19,88,1.5,62,1602728565
Idah,NG,2339156,7.11,6.73,72.93,72.93,96,2.15,68,1602728566
Sinnamary,GF,3380290,5.38,-52.95,80.35,80.35,81,10.67,1,1602728568
Marilândia,BR,3457697,-19.41,-40.54,74.8,74.8,82,2.53,100,1602728569
Celestún,MX,3531368,20.87,-90.4,78.08,78.08,78,12.21,0,1602728570
Vao,NC,2137773,-22.67,167.48,71.91,71.91,80,17.52,100,1602728571
General Higinio Morínigo,PY,3438066,-25.95,-55.92,66.2,66.2,100,8.03,100,1602728572
Yumen,CN,1528998,40.28,97.2,41.76,41.76,61,5.73,0,1602728573
Griffith,AU,2164422,-34.28,146.03,90.34,93.0,20,21.92,63,1602728474
La Ronge,CA,6050066,55.1,-105.28,28.4,28.4,54,11.41,40,1602728575
Talara,PE,3691582,-4.58,-81.27,63.73,63.73,90,9.15,32,1602728577
Altagracia de Orituco,VE,3649408,9.86,-66.38,71.96,71.96,92,2.33,26,1602728578
Polunochnoye,RU,1494482,60.87,60.42,29.17,29.17,96,1.34,0,1602728579
Padang,ID,1633419,-0.95,100.35,84.54,84.54,61,0.89,97,1602728580
Havelock,US,4470244,34.88,-76.9,58.26,61.0,93,3.56,1,1602728581
Yakima,US,5816597,46.47,-120.67,53.4,54.0,46,9.17,1,1602728582
Fereydūnkenār,IR,134602,36.69,52.52,64.54,64.54,59,3.76,0,1602728583
Preobrazheniye,RU,2017658,42.9,133.91,44.67,44.67,52,7.23,0,1602728584
Hofn,IS,2630299,64.25,-15.21,45.21,45.21,77,8.48,93,1602728585
Bissau,GW,2374775,11.86,-15.6,79.21,79.21,83,4.88,97,1602728587
Dolores,AR,3435038,-36.31,-57.68,46.15,46.15,74,11.81,0,1602728588
Chiredzi,ZW,893485,-21.05,31.67,67.33,67.33,85,9.82,100,1602728589
